from,filename,Action,Adventure,Animation,Biography,Comedy,Crime,Documentary,Drama,Family,Fantasy,History,Horror,Music,Mystery,Romance,Sci-Fi,Sport,Thriller,War,Western
../Profiles_165/21bridgesmovie/poster.jpeg,21bridgesmovie.jpg,1,0,0,0,0,1,0,1,0,0,0,0,0,0,0,0,0,0,0,0
../Profiles_165/47metersdown/poster.jpeg,47metersdown.jpg,0,1,0,0,0,0,0,1,0,0,0,1,0,0,0,0,0,0,0,0
../Profiles_165/abeautifuldaymovie/poster.jpeg,abeautifuldaymovie.jpg,0,0,0,1,0,0,0,1,0,0,0,0,0,0,0,0,0,0,0,0
../Profiles_165/abominablemovie/poster.jpeg,abominablemovie.jpg,0,1,1,0,1,0,0,0,0,0,0,0,0,0,0,0,0,0,0,0
../Profiles_165/adastramovie/poster.jpeg,adastramovie.jpg,0,1,0,0,0,0,0,1,0,0,0,0,0,1,0,0,0,0,0,0
../Profiles_165/adogsjourneymovie/poster.jpeg,adogsjourneymovie.jpg,0,1,0,0,1,0,0,1,0,0,0,0,0,0,0,0,0,0,0,0
../Profiles_165/aftermathmovie/poster.jpeg,aftermathmovie.jpg,0,0,0,0,0,0,0,1,0,0,0,0,0,0,1,0,0,0,1,0
../Profiles_165/aftermovie/poster.jpeg,aftermovie.jpg,0,0,0,0,0,0,0,1,0,0,0,0,0,0,1,0,0,0,0,0
../Profiles_165/ahiddenlifefilm/poster.jpeg,ahiddenlifefilm.jpg,0,0,0,1,0,0,0,1,0,0,0,0,0,0,0,0,0,0,1,0
../Profiles_165/alitamovie/poster.jpeg,alitamovie.jpg,1,1,0,0,0,0,0,0,0,0,0,0,0,0,0,1,0,0,0,0
../Profiles_165/angelhasfallen/poster.jpeg,angelhasfallen.jpg,1,0,0,0,0,0,0,0,0,0,0,0,0,0,0,0,0,1,0,0
../Profiles_165/angrybirdsmovie/poster.jpeg,angrybirdsmovie.jpg,0,1,1,0,1,0,0,0,0,0,0,0,0,0,0,0,0,0,0,0
../Profiles_165/annabellemovie/poster.jpeg,annabellemovie.jpg,0,0,0,0,0,0,0,0,0,0,0,1,0,1,0,0,0,1,0,0
../Profiles_165/annamovie/poster.jpeg,annamovie.jpg,1,0,0,0,0,0,0,0,0,0,0,0,0,0,0,0,0,1,0,0
../Profiles_165/apollo11movie/poster.jpeg,apollo11movie.jpg,0,0,0,0,0,0,1,0,0,0,1,0,0,0,0,0,0,0,0,0
../Profiles_165/arcticdogsmovie/poster.jpeg,arcticdogsmovie.jpg,0,1,1,0,1,0,0,0,0,0,0,0,0,0,0,0,0,0,0,0
../Profiles_165/arcticmovie/poster.jpeg,arcticmovie.jpg,0,1,0,0,0,0,0,1,0,0,0,0,0,0,0,0,0,0,0,0
../Profiles_165/artofracingmovie/poster.jpeg,artofracingmovie.jpg,0,0,0,0,1,0,0,1,0,0,0,0,0,0,1,0,0,0,0,0
../Profiles_165/avengers/poster.jpeg,avengers.jpg,1,1,0,0,0,0,0,0,0,0,0,0,0,0,0,1,0,0,0,0
../Profiles_165/beachbummovie/poster.jpeg,beachbummovie.jpg,0,0,0,0,1,0,0,0,0,0,0,0,0,0,0,0,0,0,0,0
../Profiles_165/bernadettefilm/poster.jpeg,bernadettefilm.jpg,0,0,0,0,1,0,0,1,0,0,0,0,0,1,0,0,0,0,0,0
../Profiles_165/blackandbluemovie/poster.jpeg,blackandbluemovie.jpg,1,0,0,0,0,1,0,1,0,0,0,0,0,0,0,0,0,0,0,0
../Profiles_165/blackchristmas/poster.jpeg,blackchristmas.jpg,0,0,0,0,0,0,0,0,0,0,0,1,0,1,0,0,0,1,0,0
../Profiles_165/blindedbythelightmovie/poster.jpeg,blindedbythelightmovie.jpg,0,0,0,0,1,0,0,1,0,0,0,0,1,0,0,0,0,0,0,0
../Profiles_165/bombshellmovie/poster.jpeg,bombshellmovie.jpg,0,0,0,1,0,0,0,1,0,0,0,0,0,0,0,0,0,0,0,0
../Profiles_165/booksmart/poster.jpeg,booksmart.jpg,0,0,0,0,1,0,0,0,0,0,0,0,0,0,0,0,0,0,0,0
../Profiles_165/breakthroughmovie/poster.jpeg,breakthroughmovie.jpg,0,0,0,1,0,0,0,1,0,0,0,0,0,0,0,0,0,0,0,0
../Profiles_165/brianbanksmovie/poster.jpeg,brianbanksmovie.jpg,0,0,0,1,0,0,0,1,0,0,0,0,0,0,0,0,1,0,0,0
../Profiles_165/brightburnmovie/poster.jpeg,brightburnmovie.jpg,0,0,0,0,0,0,0,0,0,0,0,1,0,0,0,1,0,0,0,0
../Profiles_165/brittanyrunsmov/poster.jpeg,brittanyrunsmov.jpg,0,0,0,0,1,0,0,1,0,0,0,0,0,0,0,0,0,0,0,0
../Profiles_165/captainmarvelofficial/poster.jpeg,captainmarvelofficial.jpg,1,1,0,0,0,0,0,0,0,0,0,0,0,0,0,1,0,0,0,0
../Profiles_165/captivestatemovie/poster.jpeg,captivestatemovie.jpg,0,0,0,0,0,0,0,1,0,0,0,0,0,0,0,1,0,1,0,0
../Profiles_165/catsmovie/poster.jpeg,catsmovie.jpg,0,0,1,0,1,0,0,1,0,0,0,0,0,0,0,0,0,0,0,0
../Profiles_165/charliesangels/poster.jpeg,charliesangels.jpg,1,1,0,0,1,0,0,0,0,0,0,0,0,0,0,0,0,0,0,0
../Profiles_165/childsplaymovie/poster.jpeg,childsplaymovie.jpg,0,0,0,0,0,0,0,0,0,0,0,1,0,0,0,0,0,0,0,0
../Profiles_165/clarathefilm/poster.jpeg,clarathefilm.jpg,0,0,0,0,0,0,0,0,0,0,0,0,0,0,0,1,0,0,0,0
../Profiles_165/coldpursuitmovie/poster.jpeg,coldpursuitmovie.jpg,1,0,0,0,0,1,0,1,0,0,0,0,0,0,0,0,0,0,0,0
../Profiles_165/countdown/poster.jpeg,countdown.jpg,0,0,0,0,0,0,0,0,0,0,0,1,0,0,0,0,0,1,0,0
../Profiles_165/currentwarmovie/poster.jpeg,currentwarmovie.jpg,0,0,0,1,0,0,0,1,0,0,1,0,0,0,0,0,0,0,0,0
../Profiles_165/darkwatersmovie/poster.jpeg,darkwatersmovie.jpg,0,0,0,1,0,0,0,1,0,0,1,0,0,0,0,0,0,0,0,0
../Profiles_165/detectivepikachumovie/poster.jpeg,detectivepikachumovie.jpg,1,1,0,0,1,0,0,0,0,0,0,0,0,0,0,0,0,0,0,0
../Profiles_165/disneyaladdin/poster.jpeg,disneyaladdin.jpg,0,1,0,0,0,0,0,0,1,1,0,0,0,0,0,0,0,0,0,0
../Profiles_165/disneyfrozen/poster.jpeg,disneyfrozen.jpg,0,1,1,0,1,0,0,0,0,0,0,0,0,0,0,0,0,0,0,0
../Profiles_165/disneymaleficent/poster.jpeg,disneymaleficent.jpg,0,1,0,0,0,0,0,0,1,1,0,0,0,0,0,0,0,0,0,0
../Profiles_165/doctorsleepmovie/poster.jpeg,doctorsleepmovie.jpg,0,0,0,0,0,0,0,0,0,0,0,1,0,0,0,0,0,0,0,0
../Profiles_165/dolemiteismyname/poster.jpeg,dolemiteismyname.jpg,0,0,0,1,1,0,0,1,0,0,0,0,0,0,0,0,0,0,0,0
../Profiles_165/dontletgomovie/poster.jpeg,dontletgomovie.jpg,0,0,0,0,0,0,0,1,0,1,0,1,0,0,0,0,0,0,0,0
../Profiles_165/doramovie/poster.jpeg,doramovie.jpg,0,1,0,0,0,0,0,0,1,0,0,0,0,0,0,0,0,0,0,0
../Profiles_165/downtonabbey_official/poster.jpeg,downtonabbey_official.jpg,0,0,0,0,0,0,0,1,0,0,0,0,0,0,0,0,0,0,0,0
../Profiles_165/dumbo/poster.jpeg,dumbo.jpg,0,1,0,0,0,0,0,0,1,1,0,0,0,0,0,0,0,0,0,0
../Profiles_165/escaperoom/poster.jpeg,escaperoom.jpg,1,1,0,0,0,0,0,0,0,0,0,1,0,0,0,0,0,0,0,0
../Profiles_165/everybodyknowsmovie/poster.jpeg,everybodyknowsmovie.jpg,0,0,0,0,0,1,0,1,0,0,0,0,0,1,0,0,0,0,0,0
../Profiles_165/fastandfuriousmovie/poster.jpeg,fastandfuriousmovie.jpg,1,1,0,0,0,0,0,0,0,0,0,0,0,0,0,0,0,0,0,0
../Profiles_165/fightingwmyfam/poster.jpeg,fightingwmyfam.jpg,0,0,0,1,1,0,0,1,0,0,0,0,0,0,0,0,0,0,0,0
../Profiles_165/fivefeetapartfilm/poster.jpeg,fivefeetapartfilm.jpg,0,0,0,0,0,0,0,1,0,0,0,0,0,0,1,0,0,0,0,0
../Profiles_165/fordvferrari/poster.jpeg,fordvferrari.jpg,1,0,0,1,0,0,0,1,0,0,0,0,0,0,0,0,0,0,0,0
../Profiles_165/freaksthefilm/poster.jpeg,freaksthefilm.jpg,0,0,0,0,0,0,0,1,0,0,0,0,0,0,0,1,0,1,0,0
../Profiles_165/geminimanmovie/poster.jpeg,geminimanmovie.jpg,1,0,0,0,0,0,0,1,0,0,0,0,0,0,0,1,0,0,0,0
../Profiles_165/glassmovie/poster.jpeg,glassmovie.jpg,0,0,0,0,0,0,0,1,0,0,0,0,0,0,0,1,0,1,0,0
../Profiles_165/gloriabellmovie/poster.jpeg,gloriabellmovie.jpg,0,0,0,0,1,0,0,1,0,0,0,0,0,0,1,0,0,0,0,0
../Profiles_165/godzillamovie/poster.jpeg,godzillamovie.jpg,1,1,0,0,0,0,0,0,0,1,0,0,0,0,0,0,0,0,0,0
../Profiles_165/goldfinchmovie/poster.jpeg,goldfinchmovie.jpg,0,0,0,0,0,0,0,1,0,0,0,0,0,0,0,0,0,0,0,0
../Profiles_165/goodboysmovie/poster.jpeg,goodboysmovie.jpg,0,1,0,0,1,0,0,0,0,0,0,0,0,0,0,0,0,0,0,0
../Profiles_165/goodliarmovie/poster.jpeg,goodliarmovie.jpg,0,0,0,0,0,0,0,1,0,0,0,0,0,0,0,0,0,0,0,0
../Profiles_165/gretafilm/poster.jpeg,gretafilm.jpg,0,0,0,0,0,0,0,1,0,0,0,0,0,1,0,0,0,1,0,0
../Profiles_165/halathemovie/poster.jpeg,halathemovie.jpg,0,0,0,0,0,0,0,1,0,0,0,0,0,0,0,0,0,0,0,0
../Profiles_165/happydeathdaymovie/poster.jpeg,happydeathdaymovie.jpg,0,0,0,0,1,0,0,0,0,0,0,1,0,1,0,0,0,0,0,0
../Profiles_165/harrietfilm/poster.jpeg,harrietfilm.jpg,0,0,0,1,0,0,0,1,0,0,1,0,0,0,0,0,0,0,0,0
../Profiles_165/hellboymovie/poster.jpeg,hellboymovie.jpg,1,1,0,0,0,0,0,0,0,1,0,0,0,0,0,0,0,0,0,0
../Profiles_165/hersmellmovie/poster.jpeg,hersmellmovie.jpg,0,0,0,0,0,0,0,1,0,0,0,0,1,0,0,0,0,0,0,0
../Profiles_165/highlifemovie/poster.jpeg,highlifemovie.jpg,0,1,0,0,0,0,0,1,0,0,0,0,0,1,0,0,0,0,0,0
../Profiles_165/highstrungmovie/poster.jpeg,highstrungmovie.jpg,0,0,0,0,0,0,0,0,0,0,0,0,0,0,1,0,0,0,0,0
../Profiles_165/honeyboymovie/poster.jpeg,honeyboymovie.jpg,0,0,0,0,0,0,0,1,0,0,0,0,0,0,0,0,0,0,0,0
../Profiles_165/hotelmumbaifilm/poster.jpeg,hotelmumbaifilm.jpg,0,0,0,0,0,0,0,1,0,0,1,0,0,0,0,0,0,1,0,0
../Profiles_165/httydragon/poster.jpeg,httydragon.jpg,1,1,1,0,0,0,0,0,0,0,0,0,0,0,0,0,0,0,0,0
../Profiles_165/hustlemovie/poster.jpeg,hustlemovie.jpg,0,0,0,0,1,1,0,0,0,0,0,0,0,0,0,0,0,0,0,0
../Profiles_165/hustlersmovie/poster.jpeg,hustlersmovie.jpg,0,0,0,0,1,1,0,1,0,0,0,0,0,0,0,0,0,0,0,0
../Profiles_165/isntitromantic/poster.jpeg,isntitromantic.jpg,0,0,0,0,1,0,0,0,0,1,0,0,0,0,1,0,0,0,0,0
../Profiles_165/itmovieofficial/poster.jpeg,itmovieofficial.jpg,0,0,0,0,0,0,0,1,0,1,0,1,0,0,0,0,0,0,0,0
../Profiles_165/jayandsilentbob/poster.jpeg,jayandsilentbob.jpg,0,0,0,0,1,0,0,0,0,0,0,0,0,0,0,0,0,0,0,0
../Profiles_165/johnwickmovie/poster.jpeg,johnwickmovie.jpg,1,0,0,0,0,1,0,0,0,0,0,0,0,0,0,0,0,1,0,0
../Profiles_165/jojorabbitmovie/poster.jpeg,jojorabbitmovie.jpg,0,0,0,0,1,0,0,1,0,0,0,0,0,0,0,0,0,0,1,0
../Profiles_165/jokermovie/poster.jpeg,jokermovie.jpg,0,0,0,0,0,1,0,1,0,0,0,0,0,0,0,0,0,1,0,0
../Profiles_165/judythefilm/poster.jpeg,judythefilm.jpg,0,0,0,1,0,0,0,1,0,0,1,0,0,0,0,0,0,0,0,0
../Profiles_165/jumanjimovie/poster.jpeg,jumanjimovie.jpg,1,1,0,0,1,0,0,0,0,0,0,0,0,0,0,0,0,0,0,0
../Profiles_165/justmercyfilm/poster.jpeg,justmercyfilm.jpg,0,0,0,0,0,0,0,1,0,0,0,0,0,0,0,0,0,0,0,0
../Profiles_165/knivesout/poster.jpeg,knivesout.jpg,0,0,0,0,1,1,0,1,0,0,0,0,0,0,0,0,0,0,0,0
../Profiles_165/lalloronamovie/poster.jpeg,lalloronamovie.jpg,0,0,0,0,0,0,0,0,0,0,0,1,0,1,0,0,0,1,0,0
../Profiles_165/lastblackmansf/poster.jpeg,lastblackmansf.jpg,0,0,0,0,0,0,0,1,0,0,0,0,0,0,0,0,0,0,0,0
../Profiles_165/lastchristmasthemovie/poster.jpeg,lastchristmasthemovie.jpg,0,0,0,0,1,0,0,0,0,0,0,0,0,0,1,0,0,0,0,0
../Profiles_165/latenightmovie/poster.jpeg,latenightmovie.jpg,0,0,0,0,1,0,0,1,0,0,0,0,0,0,0,0,0,0,0,0
../Profiles_165/lighthousemovie/poster.jpeg,lighthousemovie.jpg,0,0,0,0,0,0,0,1,0,1,0,1,0,0,0,0,0,0,0,0
../Profiles_165/lionking/poster.jpeg,lionking.jpg,0,1,1,0,0,0,0,1,0,0,0,0,0,0,0,0,0,0,0,0
../Profiles_165/littlethemovie/poster.jpeg,littlethemovie.jpg,0,0,0,0,1,0,0,0,0,1,0,0,0,0,1,0,0,0,0,0
../Profiles_165/littlewomenmovie/poster.jpeg,littlewomenmovie.jpg,0,0,0,0,0,0,0,1,0,0,0,0,0,0,1,0,0,0,0,0
../Profiles_165/littlewoodsfilm/poster.jpeg,littlewoodsfilm.jpg,0,0,0,0,0,1,0,1,0,0,0,0,0,0,0,0,0,0,0,1
../Profiles_165/longshotmovie/poster.jpeg,longshotmovie.jpg,0,0,0,0,1,0,0,0,0,0,0,0,0,0,1,0,0,0,0,0
../Profiles_165/lordsofchaosmovie/poster.jpeg,lordsofchaosmovie.jpg,0,0,0,1,0,0,0,1,0,0,0,1,0,0,0,0,0,0,0,0
../Profiles_165/lucyintheskyfilm/poster.jpeg,lucyintheskyfilm.jpg,0,0,0,0,0,0,0,1,0,0,0,0,0,0,0,1,0,0,0,0
../Profiles_165/mamovie2019/poster.jpeg,mamovie2019.jpg,0,0,0,0,0,0,0,0,0,0,0,1,0,0,0,0,0,1,0,0
../Profiles_165/marriagestory/poster.jpeg,marriagestory.jpg,0,0,0,0,1,0,0,1,0,0,0,0,0,0,0,0,0,0,0,0
../Profiles_165/meettheaddams/poster.jpeg,meettheaddams.jpg,0,0,1,0,1,0,0,0,1,0,0,0,0,0,0,0,0,0,0,0
../Profiles_165/meninblack/poster.jpeg,meninblack.jpg,1,1,0,0,1,0,0,0,0,0,0,0,0,0,0,0,0,0,0,0
../Profiles_165/midsommarmovie/poster.jpeg,midsommarmovie.jpg,0,0,0,0,0,0,0,1,0,0,0,1,0,1,0,0,0,0,0,0
../Profiles_165/midwaymovie/poster.jpeg,midwaymovie.jpg,1,0,0,0,0,0,0,1,0,0,1,0,0,0,0,0,0,0,0,0
../Profiles_165/missbalamovie/poster.jpeg,missbalamovie.jpg,1,0,0,0,0,1,0,1,0,0,0,0,0,0,0,0,0,0,0,0
../Profiles_165/missinglinkfilm/poster.jpeg,missinglinkfilm.jpg,0,1,1,0,1,0,0,0,0,0,0,0,0,0,0,0,0,0,0,0
../Profiles_165/motherlessbklyn/poster.jpeg,motherlessbklyn.jpg,0,0,0,0,0,1,0,1,0,0,0,0,0,0,0,0,0,0,0,0
../Profiles_165/onceinhollywood/poster.jpeg,onceinhollywood.jpg,0,0,0,0,1,0,0,1,0,0,0,0,0,0,0,0,0,0,0,0
../Profiles_165/onthebasisofsex/poster.jpeg,onthebasisofsex.jpg,0,0,0,1,0,0,0,1,0,0,0,0,0,0,0,0,0,0,0,0
../Profiles_165/overcomermovie/poster.jpeg,overcomermovie.jpg,0,0,0,0,0,0,0,1,0,0,0,0,0,0,0,0,1,0,0,0
../Profiles_165/peanutbutterfalcon/poster.jpeg,peanutbutterfalcon.jpg,0,1,0,0,1,0,0,1,0,0,0,0,0,0,0,0,0,0,0,0
../Profiles_165/petsematarymovie/poster.jpeg,petsematarymovie.jpg,0,0,0,0,0,0,0,0,0,0,0,1,0,1,0,0,0,1,0,0
../Profiles_165/piercingmovie/poster.jpeg,piercingmovie.jpg,0,0,0,0,0,0,0,0,0,0,0,1,0,1,0,0,0,1,0,0
../Profiles_165/playingwithfire/poster.jpeg,playingwithfire.jpg,0,0,0,0,1,0,0,0,0,0,0,0,0,0,0,0,0,0,0,0
../Profiles_165/playmobilthemovie/poster.jpeg,playmobilthemovie.jpg,0,1,1,0,1,0,0,0,0,0,0,0,0,0,0,0,0,0,0,0
../Profiles_165/pomsmovie/poster.jpeg,pomsmovie.jpg,0,0,0,0,1,0,0,1,0,0,0,0,0,0,0,0,1,0,0,0
../Profiles_165/queenandslim/poster.jpeg,queenandslim.jpg,0,0,0,0,0,0,0,1,0,0,0,0,0,0,0,0,0,0,0,0
../Profiles_165/rambomovie/poster.jpeg,rambomovie.jpg,1,1,0,0,0,0,0,0,0,0,0,0,0,0,0,0,0,1,0,0
../Profiles_165/readyornotfilm/poster.jpeg,readyornotfilm.jpg,0,0,0,0,1,0,0,0,0,0,0,1,0,1,0,0,0,0,0,0
../Profiles_165/richardjewellfilm/poster.jpeg,richardjewellfilm.jpg,0,0,0,0,0,0,0,1,0,0,0,0,0,0,0,0,0,0,0,0
../Profiles_165/rocketmanmovie/poster.jpeg,rocketmanmovie.jpg,0,0,0,1,0,0,0,1,0,0,0,0,1,0,0,0,0,0,0,0
../Profiles_165/scarystoriesmovie/poster.jpeg,scarystoriesmovie.jpg,0,0,0,0,0,0,0,0,0,0,0,1,0,1,0,0,0,1,0,0
../Profiles_165/secretlifeofpets/poster.jpeg,secretlifeofpets.jpg,0,1,1,0,1,0,0,0,0,0,0,0,0,0,0,0,0,0,0,0
../Profiles_165/serenityfilm/poster.jpeg,serenityfilm.jpg,0,0,0,0,0,0,0,1,0,0,0,0,0,1,0,0,0,1,0,0
../Profiles_165/shaftmovie/poster.jpeg,shaftmovie.jpg,1,0,0,0,1,1,0,0,0,0,0,0,0,0,0,0,0,0,0,0
../Profiles_165/shazammovie/poster.jpeg,shazammovie.jpg,1,1,0,0,1,0,0,0,0,0,0,0,0,0,0,0,0,0,0,0
../Profiles_165/spidermanmovie/poster.jpeg,spidermanmovie.jpg,1,1,0,0,0,0,0,0,0,0,0,0,0,0,0,1,0,0,0,0
../Profiles_165/spiesindisguise/poster.jpeg,spiesindisguise.jpg,1,1,1,0,0,0,0,0,0,0,0,0,0,0,0,0,0,0,0,0
../Profiles_165/starwars/poster.jpeg,starwars.jpg,1,1,0,0,0,0,0,0,0,1,0,0,0,0,0,0,0,0,0,0
../Profiles_165/stormboymovie/poster.jpeg,stormboymovie.jpg,0,1,0,0,0,0,0,1,1,0,0,0,0,0,0,0,0,0,0,0
../Profiles_165/stubermovie/poster.jpeg,stubermovie.jpg,1,0,0,0,1,1,0,0,0,0,0,0,0,0,0,0,0,0,0,0
../Profiles_165/taosdfilm/poster.jpeg,taosdfilm.jpg,0,0,0,0,1,0,0,1,0,0,0,0,0,0,0,0,1,0,0,0
../Profiles_165/teenspiritmov/poster.jpeg,teenspiritmov.jpg,0,0,0,0,0,0,0,1,0,0,0,0,1,0,0,0,0,0,0,0
../Profiles_165/terminator/poster.jpeg,terminator.jpg,1,1,0,0,0,0,0,0,0,0,0,0,0,0,0,1,0,0,0,0
../Profiles_165/theaeronautsmov/poster.jpeg,theaeronautsmov.jpg,1,1,0,1,0,0,0,0,0,0,0,0,0,0,0,0,0,0,0,0
../Profiles_165/thebestofenemies/poster.jpeg,thebestofenemies.jpg,0,0,0,1,0,0,0,1,0,0,1,0,0,0,0,0,0,0,0,0
../Profiles_165/thedeaddontdie/poster.jpeg,thedeaddontdie.jpg,0,0,0,0,1,0,0,0,0,1,0,1,0,0,0,0,0,0,0,0
../Profiles_165/thefarewell/poster.jpeg,thefarewell.jpg,0,0,0,0,1,0,0,1,0,0,0,0,0,0,0,0,0,0,0,0
../Profiles_165/thehighwaymen/poster.jpeg,thehighwaymen.jpg,0,0,0,1,0,1,0,1,0,0,0,0,0,0,0,0,0,0,0,0
../Profiles_165/thehummingbirdprojectfilm/poster.jpeg,thehummingbirdprojectfilm.jpg,0,0,0,0,0,0,0,0,0,0,0,0,0,0,0,0,0,1,0,0
../Profiles_165/theintrudermovie/poster.jpeg,theintrudermovie.jpg,0,0,0,0,0,0,0,1,0,0,0,1,0,1,0,0,0,0,0,0
../Profiles_165/theirishmanfilm/poster.jpeg,theirishmanfilm.jpg,0,0,0,1,0,1,0,1,0,0,0,0,0,0,0,0,0,0,0,0
../Profiles_165/thekitchenmovie/poster.jpeg,thekitchenmovie.jpg,1,0,0,0,0,1,0,1,0,0,0,0,0,0,0,0,0,0,0,0
../Profiles_165/thelegomovie/poster.jpeg,thelegomovie.jpg,1,1,1,0,0,0,0,0,0,0,0,0,0,0,0,0,0,0,0,0
../Profiles_165/themustangfilm/poster.jpeg,themustangfilm.jpg,0,0,0,0,0,0,0,1,0,0,0,0,0,0,0,0,0,0,0,0
../Profiles_165/thenightingalefilm/poster.jpeg,thenightingalefilm.jpg,0,1,0,0,0,0,0,1,0,0,0,0,0,0,0,0,0,1,0,0
../Profiles_165/theprodigymovie/poster.jpeg,theprodigymovie.jpg,0,0,0,0,0,0,0,0,0,0,0,1,0,0,0,0,0,1,0,0
../Profiles_165/thesunisalsoastar/poster.jpeg,thesunisalsoastar.jpg,0,0,0,0,0,0,0,1,0,0,0,0,0,0,1,0,0,0,0,0
../Profiles_165/theupsidefilm/poster.jpeg,theupsidefilm.jpg,0,0,0,0,1,0,0,1,0,0,0,0,0,0,0,0,0,0,0,0
../Profiles_165/tolkienmovie/poster.jpeg,tolkienmovie.jpg,0,0,0,1,0,0,0,1,0,0,0,0,0,0,0,0,0,0,1,0
../Profiles_165/toystory/poster.jpeg,toystory.jpg,0,1,1,0,1,0,0,0,0,0,0,0,0,0,0,0,0,0,0,0
../Profiles_165/triplefrontier/poster.jpeg,triplefrontier.jpg,1,1,0,0,0,1,0,0,0,0,0,0,0,0,0,0,0,0,0,0
../Profiles_165/uglydolls/poster.jpeg,uglydolls.jpg,0,1,1,0,1,0,0,0,0,0,0,0,0,0,0,0,0,0,0,0
../Profiles_165/uncutgems/poster.jpeg,uncutgems.jpg,0,0,0,0,1,1,0,1,0,0,0,0,0,0,0,0,0,0,0,0
../Profiles_165/underthesilverlake/poster.jpeg,underthesilverlake.jpg,0,0,0,0,1,1,0,1,0,0,0,0,0,0,0,0,0,0,0,0
../Profiles_165/usmovie/poster.jpeg,usmovie.jpg,0,0,0,0,0,0,0,0,0,0,0,1,0,1,0,0,0,1,0,0
../Profiles_165/wavesmovie/poster.jpeg,wavesmovie.jpg,0,0,0,0,0,0,0,1,0,0,0,0,0,0,1,0,0,0,0,0
../Profiles_165/whatmenwant/poster.jpeg,whatmenwant.jpg,0,0,0,0,1,0,0,0,0,1,0,0,0,0,1,0,0,0,0,0
../Profiles_165/wonderparkmovie/poster.jpeg,wonderparkmovie.jpg,0,1,1,0,1,0,0,0,0,0,0,0,0,0,0,0,0,0,0,0
../Profiles_165/wrinklestheclown/poster.jpeg,wrinklestheclown.jpg,0,0,0,0,1,0,1,0,0,0,0,1,0,0,0,0,0,0,0,0
../Profiles_165/xmenmovies/poster.jpeg,xmenmovies.jpg,1,1,0,0,0,0,0,0,0,0,0,0,0,0,0,1,0,0,0,0
../Profiles_165/yardiefilm/poster.jpeg,yardiefilm.jpg,0,0,0,0,0,1,0,1,0,0,0,0,0,0,0,0,0,0,0,0
../Profiles_165/yesterdaymovie/poster.jpeg,yesterdaymovie.jpg,0,0,0,0,1,0,0,0,0,1,0,0,1,0,0,0,0,0,0,0
../Profiles_165/zombieland/poster.jpeg,zombieland.jpg,1,0,0,0,1,0,0,0,0,0,0,1,0,0,0,0,0,0,0,0
